project,target,configuration,hash,code,status,start,end
@byeonghyeon/themes,build,,17243558511606580481,0,success,1722332008391,1722332013011
test,build,,12827216613736585130,1,failure,1722332013012,1722332019014
@byeonghyeon/themes,build,,5330322362281627764,0,success,1722334988937,1722334994262
@byeonghyeon/esbuild-config,build,,5187349505263551225,0,success,1722336156066,1722336157184
@byeonghyeon/themes,build,,11909150431792349755,0,success,1722336157185,1722336161195
@byeonghyeon/esbuild-config,build,,12892165746164310697,0,success,1722337685576,1722337686540
@byeonghyeon/themes,build,,4481964982980962896,0,success,1722337686541,1722337690135
@byeonghyeon/react-components-layout,build,,9106819818975727620,0,success,1722337690135,1722337693844
@byeonghyeon/esbuild-config,build,,14040361722561241409,0,success,1722346955796,1722346957025
@byeonghyeon/themes,build,,2659605082044879241,0,success,1722346957025,1722346961057
@byeonghyeon/esbuild-config,build,,14040361722561241409,0,local-cache-kept-existing,1722347004687,1722347004704
@byeonghyeon/themes,build,,2659605082044879241,0,local-cache-kept-existing,1722347004706,1722347004708
@byeonghyeon/react-components-layout,build,,6747261048641974808,0,success,1722347004710,1722347008921
@byeonghyeon/esbuild-config,build,,15454012946780629508,0,success,1722347835471,1722347836666
@byeonghyeon/themes,build,,18145763301801303068,0,success,1722347836666,1722347840532
@byeonghyeon/react-components-layout,build,,6820489787920909492,0,success,1722347840533,1722347844685
@byeonghyeon/esbuild-config,build,,15454012946780629508,0,local-cache-kept-existing,1722348078979,1722348078997
@byeonghyeon/themes,build,,18145763301801303068,0,local-cache-kept-existing,1722348078999,1722348079002
@byeonghyeon/react-components-layout,build,,15682606774130933140,0,success,1722348079004,1722348083443
@byeonghyeon/esbuild-config,build,,4210991843665152043,0,success,1722350043021,1722350044055
@byeonghyeon/themes,build,,15348540393463265971,0,success,1722350044056,1722350048142
@byeonghyeon/react-components-layout,build,,10703266741399167780,0,success,1722350048143,1722350052301
@byeonghyeon/esbuild-config,build,,4210991843665152043,0,local-cache,1722350065780,1722350065799
@byeonghyeon/themes,build,,15348540393463265971,0,local-cache,1722350065802,1722350065807
